{"weights":[-0.8224955309895619,2.1480335947618268,3.62240283608011,0.5747745385530992,4.675111200941745,-0.9035159736626752,-0.35226712551240474,0.274114794225089,0.1933020769457435,-0.3966764343979463,-0.1404467437849351,-0.239299102522731,1.3448305982512023,-1.2967775210109418,-0.12449530769702252],"bias":-1.1807781281131366,"threshold":0.26,"modality_prior":{"nm":0.32105263157894737,"ct":0.2556583110245802,"mam":0.34164733178654294,"other":0.1881881881881882,"us":0.25942737430167595,"xr":0.21208354052710093,"mri":0.1796671866874675,"pet":0.1702127659574468},"anatomy_prior":{"cardiac":0.11805555555555555,"chest":0.27939994642378785,"breast":0.37087230387478526,"brain":0.17591925018024512,"abdomen":0.19885057471264367,"spine":0.13858267716535433,"extremity":0.07400379506641366,"prostate":0.375}}